<?xml version="1.0" encoding="utf-8"?>
<resources xmlns:ns1="http://schemas.android.com/tools">
    <string-array name="settings_list">
        <item>Flight Modes</item>
        <item>Camera</item>
        <item>Logfile Type</item>
        <item>Video Output</item>
    </string-array>
    <color name="background_blue">#242d34</color>
    <color name="black">#FF000000</color>
    <color name="black_overlay">#000000</color>
    <color name="colorWhite">#FFFFFF</color>
    <color name="dark_gray">#80000000</color>
    <color name="purple_200">#FFBB86FC</color>
    <color name="purple_500">#FF6200EE</color>
    <color name="purple_700">#FF3700B3</color>
    <color name="teal_200">#FF03DAC5</color>
    <color name="teal_700">#FF018786</color>
    <color name="transparent">#00000000</color>
    <color name="white">#FFFFFFFF</color>
    <string name="action_settings">Settings</string>
    <string name="app_name">Pothole Detection</string>
    <string name="connection_loose">Status: No Product Connected</string>
    <string name="disconnected">Disconnected</string>
    <string name="equipment">No setting type selected</string>
    <string name="find_setting">Select Setting</string>
    <string name="hello_blank_fragment">Hello blank fragment</string>
    <string name="model_not_available">Model Not Available</string>
    <string name="product_information">Product Information</string>
    <string name="push_info">Push Info</string>
    <string name="sdk_version">DJI SDK Version: %1$s</string>
    <string name="settings_button">Settings</string>
    <string name="welcome_splashScreen">Welcome to the Pothole Detection App</string>
    <style name="Theme.CatChat" parent="Theme.MaterialComponents.DayNight.NoActionBar">
        <!-- Primary brand color. -->
        <item name="colorPrimary">@color/purple_500</item>
        <item name="colorPrimaryVariant">@color/purple_700</item>
        <item name="colorOnPrimary">@color/white</item>
        <!-- Secondary brand color. -->
        <item name="colorSecondary">@color/teal_200</item>
        <item name="colorSecondaryVariant">@color/teal_700</item>
        <item name="colorOnSecondary">@color/black</item>
        <!-- Status bar color. -->
        <item name="android:statusBarColor" ns1:targetApi="l">?attr/colorPrimaryVariant</item>
        <!-- Customize your theme here. -->
    </style>
</resources>