<component name="libraryTable">
  <library name="Gradle: org.reactivestreams:reactive-streams:1.0.0">
    <CLASSES>
      <root url="jar://$USER_HOME$/.gradle/caches/modules-2/files-2.1/org.reactivestreams/reactive-streams/1.0.0/14b8c877d98005ba3941c9257cfe09f6ed0e0d74/reactive-streams-1.0.0.jar!/" />
    </CLASSES>
    <JAVADOC>
      <root url="jar://$USER_HOME$/.gradle/caches/modules-2/files-2.1/org.reactivestreams/reactive-streams/1.0.0/d3ba09ae0653d54596c46e7815904ef48e072ad3/reactive-streams-1.0.0-javadoc.jar!/" />
    </JAVADOC>
    <SOURCES>
      <root url="jar://$USER_HOME$/.gradle/caches/modules-2/files-2.1/org.reactivestreams/reactive-streams/1.0.0/5be7bd3f38e43c8fc83699bbb5328c62adb95bbf/reactive-streams-1.0.0-sources.jar!/" />
    </SOURCES>
  </library>
</component>