<component name="libraryTable">
  <library name="Gradle: androidx.slidingpanelayout:slidingpanelayout:1.0.0@aar">
    <CLASSES>
      <root url="jar://$USER_HOME$/.gradle/caches/transforms-3/9335586988f65d665db66bb38b19a160/transformed/slidingpanelayout-1.0.0/jars/classes.jar!/" />
      <root url="file://$USER_HOME$/.gradle/caches/transforms-3/9335586988f65d665db66bb38b19a160/transformed/slidingpanelayout-1.0.0/AndroidManifest.xml" />
    </CLASSES>
    <JAVADOC />
    <SOURCES>
      <root url="jar://$USER_HOME$/.gradle/caches/modules-2/files-2.1/androidx.slidingpanelayout/slidingpanelayout/1.0.0/f3f2e4fded24d5969a86e1974ad7e96975d970a0/slidingpanelayout-1.0.0-sources.jar!/" />
    </SOURCES>
  </library>
</component>