<component name="libraryTable">
  <library name="Gradle: org.checkerframework:checker-qual:2.5.8">
    <CLASSES>
      <root url="jar://$USER_HOME$/.gradle/caches/modules-2/files-2.1/org.checkerframework/checker-qual/2.5.8/41c6fa63cba0fea55ebd3581d42b3d2c5cca98b2/checker-qual-2.5.8.jar!/" />
    </CLASSES>
    <JAVADOC>
      <root url="jar://$USER_HOME$/.gradle/caches/modules-2/files-2.1/org.checkerframework/checker-qual/2.5.8/19b51c7dd17f7705e7dae1a92841fbe2cbf5ade5/checker-qual-2.5.8-javadoc.jar!/" />
    </JAVADOC>
    <SOURCES>
      <root url="jar://$USER_HOME$/.gradle/caches/modules-2/files-2.1/org.checkerframework/checker-qual/2.5.8/278ac2b559d1cf8da28451b26e320786e8a089a7/checker-qual-2.5.8-sources.jar!/" />
    </SOURCES>
  </library>
</component>