<component name="libraryTable">
  <library name="Gradle: org.tensorflow:tensorflow-lite-task-vision:0.2.0@aar">
    <CLASSES>
      <root url="jar://$USER_HOME$/.gradle/caches/transforms-3/d76ec27580ef6ad14c53c0a8421b9d9b/transformed/jetified-tensorflow-lite-task-vision-0.2.0/jars/classes.jar!/" />
      <root url="file://$USER_HOME$/.gradle/caches/transforms-3/d76ec27580ef6ad14c53c0a8421b9d9b/transformed/jetified-tensorflow-lite-task-vision-0.2.0/AndroidManifest.xml" />
    </CLASSES>
    <JAVADOC />
    <SOURCES />
  </library>
</component>