<component name="libraryTable">
  <library name="Gradle: androidx.navigation:navigation-common-ktx:2.3.5@aar">
    <CLASSES>
      <root url="jar://$USER_HOME$/.gradle/caches/transforms-3/28b7cce9dc2324437587e1c7167aea7a/transformed/navigation-common-ktx-2.3.5/jars/classes.jar!/" />
      <root url="file://$USER_HOME$/.gradle/caches/transforms-3/28b7cce9dc2324437587e1c7167aea7a/transformed/navigation-common-ktx-2.3.5/AndroidManifest.xml" />
    </CLASSES>
    <JAVADOC />
    <SOURCES>
      <root url="jar://$USER_HOME$/.gradle/caches/modules-2/files-2.1/androidx.navigation/navigation-common-ktx/2.3.5/1a3ce7c2b9dcc97c1d25ef6ab8e016b5a76de983/navigation-common-ktx-2.3.5-sources.jar!/" />
    </SOURCES>
  </library>
</component>