<component name="libraryTable">
  <library name="Gradle: com.mapbox.mapboxsdk:mapbox-android-telemetry-okhttp3:8.1.0@aar">
    <CLASSES>
      <root url="jar://$USER_HOME$/.gradle/caches/transforms-3/d48e734808a3541d9183ad4140f1ec07/transformed/jetified-mapbox-android-telemetry-okhttp3-8.1.0/jars/classes.jar!/" />
      <root url="file://$USER_HOME$/.gradle/caches/transforms-3/d48e734808a3541d9183ad4140f1ec07/transformed/jetified-mapbox-android-telemetry-okhttp3-8.1.0/AndroidManifest.xml" />
    </CLASSES>
    <JAVADOC />
    <SOURCES />
  </library>
</component>