<component name="libraryTable">
  <library name="Gradle: com.github.bumptech.glide:annotations:4.12.0">
    <CLASSES>
      <root url="jar://$USER_HOME$/.gradle/caches/modules-2/files-2.1/com.github.bumptech.glide/annotations/4.12.0/298d793db124809d74ad9a90de5eddc408898c84/annotations-4.12.0.jar!/" />
    </CLASSES>
    <JAVADOC>
      <root url="jar://$USER_HOME$/.gradle/caches/modules-2/files-2.1/com.github.bumptech.glide/annotations/4.12.0/cf9a61b18be858fb8a5cb90141158f8d9e747c0d/annotations-4.12.0-javadoc.jar!/" />
    </JAVADOC>
    <SOURCES>
      <root url="jar://$USER_HOME$/.gradle/caches/modules-2/files-2.1/com.github.bumptech.glide/annotations/4.12.0/68ce89be3f3104dd72be3f169b6c4398fbdb2144/annotations-4.12.0-sources.jar!/" />
    </SOURCES>
  </library>
</component>