<component name="libraryTable">
  <library name="Gradle: androidx.coordinatorlayout:coordinatorlayout:1.1.0@aar">
    <ANNOTATIONS>
      <root url="jar://$USER_HOME$/.gradle/caches/transforms-3/6e25adb1941863e05ccfc777a071ae99/transformed/coordinatorlayout-1.1.0/annotations.zip!/" />
    </ANNOTATIONS>
    <CLASSES>
      <root url="jar://$USER_HOME$/.gradle/caches/transforms-3/6e25adb1941863e05ccfc777a071ae99/transformed/coordinatorlayout-1.1.0/jars/classes.jar!/" />
      <root url="file://$USER_HOME$/.gradle/caches/transforms-3/6e25adb1941863e05ccfc777a071ae99/transformed/coordinatorlayout-1.1.0/res" />
      <root url="file://$USER_HOME$/.gradle/caches/transforms-3/6e25adb1941863e05ccfc777a071ae99/transformed/coordinatorlayout-1.1.0/AndroidManifest.xml" />
    </CLASSES>
    <JAVADOC />
    <SOURCES>
      <root url="jar://$USER_HOME$/.gradle/caches/modules-2/files-2.1/androidx.coordinatorlayout/coordinatorlayout/1.1.0/a15529ac349d76a872ae5ef42b84c320c456cd7f/coordinatorlayout-1.1.0-sources.jar!/" />
    </SOURCES>
  </library>
</component>