<component name="libraryTable">
  <library name="Gradle: org.jetbrains.kotlin:kotlin-stdlib:1.6.10">
    <CLASSES>
      <root url="jar://$USER_HOME$/.gradle/caches/modules-2/files-2.1/org.jetbrains.kotlin/kotlin-stdlib/1.6.10/b8af3fe6f1ca88526914929add63cf5e7c5049af/kotlin-stdlib-1.6.10.jar!/" />
    </CLASSES>
    <JAVADOC>
      <root url="jar://$USER_HOME$/.gradle/caches/modules-2/files-2.1/org.jetbrains.kotlin/kotlin-stdlib/1.6.10/5b8f86fea035328fc9e8c660773037a3401ce25f/kotlin-stdlib-1.6.10-javadoc.jar!/" />
    </JAVADOC>
    <SOURCES>
      <root url="jar://$USER_HOME$/.gradle/caches/modules-2/files-2.1/org.jetbrains.kotlin/kotlin-stdlib/1.6.10/a6284476c56bd752eb0020e062c78c930abdc168/kotlin-stdlib-1.6.10-sources.jar!/" />
    </SOURCES>
  </library>
</component>