<component name="libraryTable">
  <library name="Gradle: androidx.room:room-runtime:2.4.1@aar">
    <ANNOTATIONS>
      <root url="jar://$USER_HOME$/.gradle/caches/transforms-3/1f164179440d5e2496883c49a3e19591/transformed/room-runtime-2.4.1/annotations.zip!/" />
    </ANNOTATIONS>
    <CLASSES>
      <root url="jar://$USER_HOME$/.gradle/caches/transforms-3/1f164179440d5e2496883c49a3e19591/transformed/room-runtime-2.4.1/jars/classes.jar!/" />
      <root url="file://$USER_HOME$/.gradle/caches/transforms-3/1f164179440d5e2496883c49a3e19591/transformed/room-runtime-2.4.1/res" />
      <root url="file://$USER_HOME$/.gradle/caches/transforms-3/1f164179440d5e2496883c49a3e19591/transformed/room-runtime-2.4.1/AndroidManifest.xml" />
    </CLASSES>
    <JAVADOC />
    <SOURCES>
      <root url="jar://$USER_HOME$/.gradle/caches/modules-2/files-2.1/androidx.room/room-runtime/2.4.1/d4f62905288562601135a254e4ebeab83c3ac648/room-runtime-2.4.1-sources.jar!/" />
    </SOURCES>
  </library>
</component>