<component name="libraryTable">
  <library name="Gradle: androidx.interpolator:interpolator:1.0.0@aar">
    <CLASSES>
      <root url="jar://$USER_HOME$/.gradle/caches/transforms-3/f60319ac38d3df3aee42ddf471c6ceac/transformed/interpolator-1.0.0/jars/classes.jar!/" />
      <root url="file://$USER_HOME$/.gradle/caches/transforms-3/f60319ac38d3df3aee42ddf471c6ceac/transformed/interpolator-1.0.0/AndroidManifest.xml" />
    </CLASSES>
    <JAVADOC />
    <SOURCES>
      <root url="jar://$USER_HOME$/.gradle/caches/modules-2/files-2.1/androidx.interpolator/interpolator/1.0.0/fefd5e3cbc479b6b4a9532d05688a1e659e8d3d2/interpolator-1.0.0-sources.jar!/" />
    </SOURCES>
  </library>
</component>