<component name="libraryTable">
  <library name="Gradle: androidx.compose.runtime:runtime-saveable:1.0.5@aar">
    <CLASSES>
      <root url="jar://$USER_HOME$/.gradle/caches/transforms-3/f9a361720db3770cc18a118b621acc47/transformed/jetified-runtime-saveable-1.0.5/jars/classes.jar!/" />
      <root url="file://$USER_HOME$/.gradle/caches/transforms-3/f9a361720db3770cc18a118b621acc47/transformed/jetified-runtime-saveable-1.0.5/res" />
      <root url="file://$USER_HOME$/.gradle/caches/transforms-3/f9a361720db3770cc18a118b621acc47/transformed/jetified-runtime-saveable-1.0.5/AndroidManifest.xml" />
    </CLASSES>
    <JAVADOC />
    <SOURCES>
      <root url="jar://$USER_HOME$/.gradle/caches/modules-2/files-2.1/androidx.compose.runtime/runtime-saveable/1.0.5/ec0084ff5e2fb11718572f078d23d23b61c1da4b/runtime-saveable-1.0.5-sources.jar!/" />
    </SOURCES>
  </library>
</component>