<component name="libraryTable">
  <library name="Gradle: org.jetbrains.kotlin:kotlin-stdlib-common:1.6.10" type="kotlin.common">
    <CLASSES>
      <root url="jar://$USER_HOME$/.gradle/caches/modules-2/files-2.1/org.jetbrains.kotlin/kotlin-stdlib-common/1.6.10/c118700e3a33c8a0d9adc920e9dec0831171925/kotlin-stdlib-common-1.6.10.jar!/" />
    </CLASSES>
    <JAVADOC>
      <root url="jar://$USER_HOME$/.gradle/caches/modules-2/files-2.1/org.jetbrains.kotlin/kotlin-stdlib-common/1.6.10/5b8f86fea035328fc9e8c660773037a3401ce25f/kotlin-stdlib-common-1.6.10-javadoc.jar!/" />
    </JAVADOC>
    <SOURCES>
      <root url="jar://$USER_HOME$/.gradle/caches/modules-2/files-2.1/org.jetbrains.kotlin/kotlin-stdlib-common/1.6.10/884efb386c94b1ee8e2ca37335264a0ffb155250/kotlin-stdlib-common-1.6.10-sources.jar!/" />
    </SOURCES>
  </library>
</component>