<component name="libraryTable">
  <library name="Gradle: androidx.compose.ui:ui-graphics:1.0.5@aar">
    <CLASSES>
      <root url="jar://$USER_HOME$/.gradle/caches/transforms-3/194c638f723b688926e5e79f4b0f5b43/transformed/jetified-ui-graphics-1.0.5/jars/classes.jar!/" />
      <root url="file://$USER_HOME$/.gradle/caches/transforms-3/194c638f723b688926e5e79f4b0f5b43/transformed/jetified-ui-graphics-1.0.5/res" />
      <root url="file://$USER_HOME$/.gradle/caches/transforms-3/194c638f723b688926e5e79f4b0f5b43/transformed/jetified-ui-graphics-1.0.5/AndroidManifest.xml" />
    </CLASSES>
    <JAVADOC />
    <SOURCES>
      <root url="jar://$USER_HOME$/.gradle/caches/modules-2/files-2.1/androidx.compose.ui/ui-graphics/1.0.5/99e2112f5a1a0c64eff13c5543ba1bf1a9a3c3a3/ui-graphics-1.0.5-sources.jar!/" />
    </SOURCES>
  </library>
</component>