<component name="libraryTable">
  <library name="Gradle: com.github.bumptech.glide:gifdecoder:4.12.0@aar">
    <ANNOTATIONS>
      <root url="jar://$USER_HOME$/.gradle/caches/transforms-3/30050978ad9e180f9e8f6a12d9e84aed/transformed/jetified-gifdecoder-4.12.0/annotations.zip!/" />
    </ANNOTATIONS>
    <CLASSES>
      <root url="jar://$USER_HOME$/.gradle/caches/transforms-3/30050978ad9e180f9e8f6a12d9e84aed/transformed/jetified-gifdecoder-4.12.0/jars/classes.jar!/" />
      <root url="file://$USER_HOME$/.gradle/caches/transforms-3/30050978ad9e180f9e8f6a12d9e84aed/transformed/jetified-gifdecoder-4.12.0/AndroidManifest.xml" />
    </CLASSES>
    <JAVADOC>
      <root url="jar://$USER_HOME$/.gradle/caches/modules-2/files-2.1/com.github.bumptech.glide/gifdecoder/4.12.0/746b9323bb108e97840d4dacd37bd8d4cec34419/gifdecoder-4.12.0-javadoc.jar!/" />
    </JAVADOC>
    <SOURCES>
      <root url="jar://$USER_HOME$/.gradle/caches/modules-2/files-2.1/com.github.bumptech.glide/gifdecoder/4.12.0/756734cd8ffb3c771f376767fa8464157f2d02d4/gifdecoder-4.12.0-sources.jar!/" />
    </SOURCES>
  </library>
</component>