<component name="libraryTable">
  <library name="Gradle: androidx.transition:transition:1.3.0@aar">
    <ANNOTATIONS>
      <root url="jar://$USER_HOME$/.gradle/caches/transforms-3/5fbef60ccb12252f50939a5152abc767/transformed/transition-1.3.0/annotations.zip!/" />
    </ANNOTATIONS>
    <CLASSES>
      <root url="jar://$USER_HOME$/.gradle/caches/transforms-3/5fbef60ccb12252f50939a5152abc767/transformed/transition-1.3.0/jars/classes.jar!/" />
      <root url="file://$USER_HOME$/.gradle/caches/transforms-3/5fbef60ccb12252f50939a5152abc767/transformed/transition-1.3.0/res" />
      <root url="file://$USER_HOME$/.gradle/caches/transforms-3/5fbef60ccb12252f50939a5152abc767/transformed/transition-1.3.0/AndroidManifest.xml" />
    </CLASSES>
    <JAVADOC />
    <SOURCES>
      <root url="jar://$USER_HOME$/.gradle/caches/modules-2/files-2.1/androidx.transition/transition/1.3.0/1ab749fa90feb756d9cd154f76fce1d8e557cae/transition-1.3.0-sources.jar!/" />
    </SOURCES>
  </library>
</component>