<component name="libraryTable">
  <library name="Gradle: androidx.compose.ui:ui-geometry:1.0.5@aar">
    <CLASSES>
      <root url="jar://$USER_HOME$/.gradle/caches/transforms-3/44d4ee204d373afe3265f3e8639ee05f/transformed/jetified-ui-geometry-1.0.5/jars/classes.jar!/" />
      <root url="file://$USER_HOME$/.gradle/caches/transforms-3/44d4ee204d373afe3265f3e8639ee05f/transformed/jetified-ui-geometry-1.0.5/res" />
      <root url="file://$USER_HOME$/.gradle/caches/transforms-3/44d4ee204d373afe3265f3e8639ee05f/transformed/jetified-ui-geometry-1.0.5/AndroidManifest.xml" />
    </CLASSES>
    <JAVADOC />
    <SOURCES>
      <root url="jar://$USER_HOME$/.gradle/caches/modules-2/files-2.1/androidx.compose.ui/ui-geometry/1.0.5/be1f2ac9907309bae983a9ff69646a811493ebbf/ui-geometry-1.0.5-sources.jar!/" />
    </SOURCES>
  </library>
</component>