<component name="libraryTable">
  <library name="Gradle: com.mapbox.mapboxsdk:mapbox-android-core:5.0.0@aar">
    <CLASSES>
      <root url="jar://$USER_HOME$/.gradle/caches/transforms-3/3404262f18acbe78781eb2cc92a0429a/transformed/jetified-mapbox-android-core-5.0.0/jars/classes.jar!/" />
      <root url="file://$USER_HOME$/.gradle/caches/transforms-3/3404262f18acbe78781eb2cc92a0429a/transformed/jetified-mapbox-android-core-5.0.0/AndroidManifest.xml" />
    </CLASSES>
    <JAVADOC />
    <SOURCES />
  </library>
</component>