<component name="libraryTable">
  <library name="Gradle: androidx.lifecycle:lifecycle-viewmodel-ktx:2.3.1@aar">
    <CLASSES>
      <root url="jar://$USER_HOME$/.gradle/caches/transforms-3/b0f4f08e33e59cf096d0a26d90474996/transformed/jetified-lifecycle-viewmodel-ktx-2.3.1/jars/classes.jar!/" />
      <root url="file://$USER_HOME$/.gradle/caches/transforms-3/b0f4f08e33e59cf096d0a26d90474996/transformed/jetified-lifecycle-viewmodel-ktx-2.3.1/AndroidManifest.xml" />
    </CLASSES>
    <JAVADOC />
    <SOURCES>
      <root url="jar://$USER_HOME$/.gradle/caches/modules-2/files-2.1/androidx.lifecycle/lifecycle-viewmodel-ktx/2.3.1/5039b0b0dd04a2496c1bbbddc897c5dfa6b8ed43/lifecycle-viewmodel-ktx-2.3.1-sources.jar!/" />
    </SOURCES>
  </library>
</component>