<component name="libraryTable">
  <library name="Gradle: com.mapbox.mapboxsdk:mapbox-sdk-geojson:5.9.0-alpha.1">
    <CLASSES>
      <root url="jar://$USER_HOME$/.gradle/caches/modules-2/files-2.1/com.mapbox.mapboxsdk/mapbox-sdk-geojson/5.9.0-alpha.1/9056aa6cc0a9b6377887ed48dadbec57ce068323/mapbox-sdk-geojson-5.9.0-alpha.1.jar!/" />
    </CLASSES>
    <JAVADOC>
      <root url="jar://$USER_HOME$/.gradle/caches/modules-2/files-2.1/com.mapbox.mapboxsdk/mapbox-sdk-geojson/5.9.0-alpha.1/1d700db259b605e3a0d084babfa4608c90ec0bc/mapbox-sdk-geojson-5.9.0-alpha.1-javadoc.jar!/" />
    </JAVADOC>
    <SOURCES>
      <root url="jar://$USER_HOME$/.gradle/caches/modules-2/files-2.1/com.mapbox.mapboxsdk/mapbox-sdk-geojson/5.9.0-alpha.1/363e3ae0a2126b5b175fc28c0314418b58e195bb/mapbox-sdk-geojson-5.9.0-alpha.1-sources.jar!/" />
    </SOURCES>
  </library>
</component>