<component name="libraryTable">
  <library name="Gradle: androidx.exifinterface:exifinterface:1.2.0@aar">
    <ANNOTATIONS>
      <root url="jar://$USER_HOME$/.gradle/caches/transforms-3/0c4860b1cada56774d09abd39287275d/transformed/exifinterface-1.2.0/annotations.zip!/" />
    </ANNOTATIONS>
    <CLASSES>
      <root url="jar://$USER_HOME$/.gradle/caches/transforms-3/0c4860b1cada56774d09abd39287275d/transformed/exifinterface-1.2.0/jars/classes.jar!/" />
      <root url="file://$USER_HOME$/.gradle/caches/transforms-3/0c4860b1cada56774d09abd39287275d/transformed/exifinterface-1.2.0/AndroidManifest.xml" />
    </CLASSES>
    <JAVADOC />
    <SOURCES>
      <root url="jar://$USER_HOME$/.gradle/caches/modules-2/files-2.1/androidx.exifinterface/exifinterface/1.2.0/cae89dd2d8af4160feaed1a42933db7ccf0002d7/exifinterface-1.2.0-sources.jar!/" />
    </SOURCES>
  </library>
</component>