<component name="libraryTable">
  <library name="Gradle: androidx.compose.ui:ui-unit:1.0.5@aar">
    <CLASSES>
      <root url="jar://$USER_HOME$/.gradle/caches/transforms-3/92efab85facbcd36479609f9d0bf54d3/transformed/jetified-ui-unit-1.0.5/jars/classes.jar!/" />
      <root url="file://$USER_HOME$/.gradle/caches/transforms-3/92efab85facbcd36479609f9d0bf54d3/transformed/jetified-ui-unit-1.0.5/res" />
      <root url="file://$USER_HOME$/.gradle/caches/transforms-3/92efab85facbcd36479609f9d0bf54d3/transformed/jetified-ui-unit-1.0.5/AndroidManifest.xml" />
    </CLASSES>
    <JAVADOC />
    <SOURCES>
      <root url="jar://$USER_HOME$/.gradle/caches/modules-2/files-2.1/androidx.compose.ui/ui-unit/1.0.5/822426fd329ea50c34bf679854660862568c457d/ui-unit-1.0.5-sources.jar!/" />
    </SOURCES>
  </library>
</component>