<component name="libraryTable">
  <library name="Gradle: androidx.lifecycle:lifecycle-extensions:2.2.0@aar">
    <CLASSES>
      <root url="jar://$USER_HOME$/.gradle/caches/transforms-3/49aa01149669e0d80166face275192ee/transformed/lifecycle-extensions-2.2.0/jars/classes.jar!/" />
      <root url="file://$USER_HOME$/.gradle/caches/transforms-3/49aa01149669e0d80166face275192ee/transformed/lifecycle-extensions-2.2.0/AndroidManifest.xml" />
    </CLASSES>
    <JAVADOC />
    <SOURCES>
      <root url="jar://$USER_HOME$/.gradle/caches/modules-2/files-2.1/androidx.lifecycle/lifecycle-extensions/2.2.0/32e7a190b796f6853c89f5d6b92b64a6fe8318d3/lifecycle-extensions-2.2.0-sources.jar!/" />
    </SOURCES>
  </library>
</component>