<component name="libraryTable">
  <library name="Gradle: com.dji:dji-uxsdk:4.15@aar">
    <CLASSES>
      <root url="jar://$USER_HOME$/.gradle/caches/transforms-3/f263e68cc053e3d4ecad7c7030675ed6/transformed/jetified-dji-uxsdk-4.15/jars/classes.jar!/" />
      <root url="file://$USER_HOME$/.gradle/caches/transforms-3/f263e68cc053e3d4ecad7c7030675ed6/transformed/jetified-dji-uxsdk-4.15/res" />
      <root url="file://$USER_HOME$/.gradle/caches/transforms-3/f263e68cc053e3d4ecad7c7030675ed6/transformed/jetified-dji-uxsdk-4.15/AndroidManifest.xml" />
    </CLASSES>
    <JAVADOC />
    <SOURCES />
  </library>
</component>