<component name="libraryTable">
  <library name="Gradle: androidx.lifecycle:lifecycle-viewmodel-savedstate:2.3.1@aar">
    <CLASSES>
      <root url="jar://$USER_HOME$/.gradle/caches/transforms-3/01693ae58ffa7b28675c4a13c59042d5/transformed/jetified-lifecycle-viewmodel-savedstate-2.3.1/jars/classes.jar!/" />
      <root url="file://$USER_HOME$/.gradle/caches/transforms-3/01693ae58ffa7b28675c4a13c59042d5/transformed/jetified-lifecycle-viewmodel-savedstate-2.3.1/AndroidManifest.xml" />
    </CLASSES>
    <JAVADOC />
    <SOURCES>
      <root url="jar://$USER_HOME$/.gradle/caches/modules-2/files-2.1/androidx.lifecycle/lifecycle-viewmodel-savedstate/2.3.1/411f92301435123d502de27b6f3262c062f3bd7a/lifecycle-viewmodel-savedstate-2.3.1-sources.jar!/" />
    </SOURCES>
  </library>
</component>