<component name="libraryTable">
  <library name="Gradle: org.jetbrains.kotlin:kotlin-stdlib-jdk7:1.6.10">
    <CLASSES>
      <root url="jar://$USER_HOME$/.gradle/caches/modules-2/files-2.1/org.jetbrains.kotlin/kotlin-stdlib-jdk7/1.6.10/e1c380673654a089c4f0c9f83d0ddfdc1efdb498/kotlin-stdlib-jdk7-1.6.10.jar!/" />
    </CLASSES>
    <JAVADOC>
      <root url="jar://$USER_HOME$/.gradle/caches/modules-2/files-2.1/org.jetbrains.kotlin/kotlin-stdlib-jdk7/1.6.10/5b8f86fea035328fc9e8c660773037a3401ce25f/kotlin-stdlib-jdk7-1.6.10-javadoc.jar!/" />
    </JAVADOC>
    <SOURCES>
      <root url="jar://$USER_HOME$/.gradle/caches/modules-2/files-2.1/org.jetbrains.kotlin/kotlin-stdlib-jdk7/1.6.10/ccdfdab71f0f3ba104191d8f673d0620e7ed2e46/kotlin-stdlib-jdk7-1.6.10-sources.jar!/" />
    </SOURCES>
  </library>
</component>