<component name="libraryTable">
  <library name="Gradle: com.github.bumptech.glide:disklrucache:4.12.0">
    <CLASSES>
      <root url="jar://$USER_HOME$/.gradle/caches/modules-2/files-2.1/com.github.bumptech.glide/disklrucache/4.12.0/6d44c9103551e3ff51f00ac26077c143a8fb74f9/disklrucache-4.12.0.jar!/" />
    </CLASSES>
    <JAVADOC>
      <root url="jar://$USER_HOME$/.gradle/caches/modules-2/files-2.1/com.github.bumptech.glide/disklrucache/4.12.0/9f3e0051f88c4f6b6a590f09da050a2a220b8137/disklrucache-4.12.0-javadoc.jar!/" />
    </JAVADOC>
    <SOURCES>
      <root url="jar://$USER_HOME$/.gradle/caches/modules-2/files-2.1/com.github.bumptech.glide/disklrucache/4.12.0/d094cc41b94fcacbdd801b8352ab9d15b686bbe9/disklrucache-4.12.0-sources.jar!/" />
    </SOURCES>
  </library>
</component>