<component name="libraryTable">
  <library name="Gradle: org.jetbrains.kotlinx:kotlinx-coroutines-core-jvm:1.6.0-native-mt">
    <CLASSES>
      <root url="jar://$USER_HOME$/.gradle/caches/modules-2/files-2.1/org.jetbrains.kotlinx/kotlinx-coroutines-core-jvm/1.6.0-native-mt/955e2fec444114841908ebc0c7df4ba36e5aa3a2/kotlinx-coroutines-core-jvm-1.6.0-native-mt.jar!/" />
    </CLASSES>
    <JAVADOC>
      <root url="jar://$USER_HOME$/.gradle/caches/modules-2/files-2.1/org.jetbrains.kotlinx/kotlinx-coroutines-core-jvm/1.6.0-native-mt/99aef78e823e1467463e753e40b75a328bc0043/kotlinx-coroutines-core-jvm-1.6.0-native-mt-javadoc.jar!/" />
    </JAVADOC>
    <SOURCES>
      <root url="jar://$USER_HOME$/.gradle/caches/modules-2/files-2.1/org.jetbrains.kotlinx/kotlinx-coroutines-core-jvm/1.6.0-native-mt/17755690e81abac9a3c545a3a8acb11e0a9fda7a/kotlinx-coroutines-core-jvm-1.6.0-native-mt-sources.jar!/" />
    </SOURCES>
  </library>
</component>