<component name="libraryTable">
  <library name="Gradle: com.dji:dji-sdk:4.16.1@aar">
    <ANNOTATIONS>
      <root url="jar://$USER_HOME$/.gradle/caches/transforms-3/b227a6f6b97084c0923b38546ea92a93/transformed/jetified-dji-sdk-4.16.1/annotations.zip!/" />
    </ANNOTATIONS>
    <CLASSES>
      <root url="jar://$USER_HOME$/.gradle/caches/transforms-3/b227a6f6b97084c0923b38546ea92a93/transformed/jetified-dji-sdk-4.16.1/jars/classes.jar!/" />
      <root url="jar://$USER_HOME$/.gradle/caches/transforms-3/b227a6f6b97084c0923b38546ea92a93/transformed/jetified-dji-sdk-4.16.1/jars/libs/adapter-rxjava2-2.2.0.jar!/" />
      <root url="jar://$USER_HOME$/.gradle/caches/transforms-3/b227a6f6b97084c0923b38546ea92a93/transformed/jetified-dji-sdk-4.16.1/jars/libs/converter-gson-2.2.0.jar!/" />
      <root url="jar://$USER_HOME$/.gradle/caches/transforms-3/b227a6f6b97084c0923b38546ea92a93/transformed/jetified-dji-sdk-4.16.1/jars/libs/dji-reactive-streams-1.0.0.jar!/" />
      <root url="jar://$USER_HOME$/.gradle/caches/transforms-3/b227a6f6b97084c0923b38546ea92a93/transformed/jetified-dji-sdk-4.16.1/jars/libs/dji-rxjava-1.1.3.jar!/" />
      <root url="jar://$USER_HOME$/.gradle/caches/transforms-3/b227a6f6b97084c0923b38546ea92a93/transformed/jetified-dji-sdk-4.16.1/jars/libs/logging-interceptor-3.6.0.jar!/" />
      <root url="jar://$USER_HOME$/.gradle/caches/transforms-3/b227a6f6b97084c0923b38546ea92a93/transformed/jetified-dji-sdk-4.16.1/jars/libs/netty-3.5.2.Final.jar!/" />
      <root url="jar://$USER_HOME$/.gradle/caches/transforms-3/b227a6f6b97084c0923b38546ea92a93/transformed/jetified-dji-sdk-4.16.1/jars/libs/retrofit-2.2.0.jar!/" />
      <root url="jar://$USER_HOME$/.gradle/caches/transforms-3/b227a6f6b97084c0923b38546ea92a93/transformed/jetified-dji-sdk-4.16.1/jars/libs/rxandroid-1.1.0.jar!/" />
      <root url="jar://$USER_HOME$/.gradle/caches/transforms-3/b227a6f6b97084c0923b38546ea92a93/transformed/jetified-dji-sdk-4.16.1/jars/libs/rxjava-computation-expressions-0.21.1.jar!/" />
      <root url="jar://$USER_HOME$/.gradle/caches/transforms-3/b227a6f6b97084c0923b38546ea92a93/transformed/jetified-dji-sdk-4.16.1/jars/libs/sqlbrite-0.6.2.jar!/" />
      <root url="jar://$USER_HOME$/.gradle/caches/transforms-3/b227a6f6b97084c0923b38546ea92a93/transformed/jetified-dji-sdk-4.16.1/jars/libs/sqlcipher.jar!/" />
      <root url="file://$USER_HOME$/.gradle/caches/transforms-3/b227a6f6b97084c0923b38546ea92a93/transformed/jetified-dji-sdk-4.16.1/res" />
      <root url="file://$USER_HOME$/.gradle/caches/transforms-3/b227a6f6b97084c0923b38546ea92a93/transformed/jetified-dji-sdk-4.16.1/AndroidManifest.xml" />
    </CLASSES>
    <JAVADOC />
    <SOURCES />
  </library>
</component>