<component name="libraryTable">
  <library name="Gradle: com.mapbox.mapboxsdk:mapbox-android-sdk:9.6.2@aar">
    <ANNOTATIONS>
      <root url="jar://$USER_HOME$/.gradle/caches/transforms-3/87691ec4251350f6ad2577d4bc8ac2aa/transformed/jetified-mapbox-android-sdk-9.6.2/annotations.zip!/" />
    </ANNOTATIONS>
    <CLASSES>
      <root url="jar://$USER_HOME$/.gradle/caches/transforms-3/87691ec4251350f6ad2577d4bc8ac2aa/transformed/jetified-mapbox-android-sdk-9.6.2/jars/classes.jar!/" />
      <root url="file://$USER_HOME$/.gradle/caches/transforms-3/87691ec4251350f6ad2577d4bc8ac2aa/transformed/jetified-mapbox-android-sdk-9.6.2/res" />
      <root url="file://$USER_HOME$/.gradle/caches/transforms-3/87691ec4251350f6ad2577d4bc8ac2aa/transformed/jetified-mapbox-android-sdk-9.6.2/AndroidManifest.xml" />
    </CLASSES>
    <JAVADOC>
      <root url="jar://$USER_HOME$/.gradle/caches/modules-2/files-2.1/com.mapbox.mapboxsdk/mapbox-android-sdk/9.6.2/fb5dc3d5251eaf63a8ba6924ef3f61126dccb270/mapbox-android-sdk-9.6.2-javadoc.jar!/" />
    </JAVADOC>
    <SOURCES>
      <root url="jar://$USER_HOME$/.gradle/caches/modules-2/files-2.1/com.mapbox.mapboxsdk/mapbox-android-sdk/9.6.2/19b8c3d178f328854f99f4040963a219dcbc1a50/mapbox-android-sdk-9.6.2-sources.jar!/" />
    </SOURCES>
  </library>
</component>