<component name="libraryTable">
  <library name="Gradle: org.greenrobot:eventbus:3.0.0">
    <CLASSES>
      <root url="jar://$USER_HOME$/.gradle/caches/modules-2/files-2.1/org.greenrobot/eventbus/3.0.0/ddd99896e9569eaababbe81b35d80e1b91c4ad85/eventbus-3.0.0.jar!/" />
    </CLASSES>
    <JAVADOC>
      <root url="jar://$USER_HOME$/.gradle/caches/modules-2/files-2.1/org.greenrobot/eventbus/3.0.0/e6437df1d1f678db2f47ee5d64320603aabdaea8/eventbus-3.0.0-javadoc.jar!/" />
    </JAVADOC>
    <SOURCES>
      <root url="jar://$USER_HOME$/.gradle/caches/modules-2/files-2.1/org.greenrobot/eventbus/3.0.0/777f0a941d3dd0f9988d4f22b42b36ce2fe64ea4/eventbus-3.0.0-sources.jar!/" />
    </SOURCES>
  </library>
</component>