<component name="libraryTable">
  <library name="Gradle: org.tensorflow:tensorflow-lite-support:0.2.0@aar">
    <CLASSES>
      <root url="jar://$USER_HOME$/.gradle/caches/transforms-3/564a6b4bff16b0a18825458bf57a20d3/transformed/jetified-tensorflow-lite-support-0.2.0/jars/classes.jar!/" />
      <root url="file://$USER_HOME$/.gradle/caches/transforms-3/564a6b4bff16b0a18825458bf57a20d3/transformed/jetified-tensorflow-lite-support-0.2.0/AndroidManifest.xml" />
    </CLASSES>
    <JAVADOC />
    <SOURCES />
  </library>
</component>