<component name="libraryTable">
  <library name="Gradle: androidx.lifecycle:lifecycle-livedata-ktx:2.3.1@aar">
    <CLASSES>
      <root url="jar://$USER_HOME$/.gradle/caches/transforms-3/53303ff33bc1c7a7ae6568eb50dd14af/transformed/jetified-lifecycle-livedata-ktx-2.3.1/jars/classes.jar!/" />
      <root url="file://$USER_HOME$/.gradle/caches/transforms-3/53303ff33bc1c7a7ae6568eb50dd14af/transformed/jetified-lifecycle-livedata-ktx-2.3.1/AndroidManifest.xml" />
    </CLASSES>
    <JAVADOC />
    <SOURCES>
      <root url="jar://$USER_HOME$/.gradle/caches/modules-2/files-2.1/androidx.lifecycle/lifecycle-livedata-ktx/2.3.1/86ef44d2dab57d278e18eaff5ce09c816685cd1/lifecycle-livedata-ktx-2.3.1-sources.jar!/" />
    </SOURCES>
  </library>
</component>