<component name="libraryTable">
  <library name="Gradle: org.jetbrains.kotlinx:kotlinx-coroutines-android:1.6.0-native-mt">
    <CLASSES>
      <root url="jar://$USER_HOME$/.gradle/caches/modules-2/files-2.1/org.jetbrains.kotlinx/kotlinx-coroutines-android/1.6.0-native-mt/184df991a0cb4b788e1d88c780b9314a4b7b475e/kotlinx-coroutines-android-1.6.0-native-mt.jar!/" />
    </CLASSES>
    <JAVADOC>
      <root url="jar://$USER_HOME$/.gradle/caches/modules-2/files-2.1/org.jetbrains.kotlinx/kotlinx-coroutines-android/1.6.0-native-mt/73773c261a3f3fd3c0ae89c8887915fee4399682/kotlinx-coroutines-android-1.6.0-native-mt-javadoc.jar!/" />
    </JAVADOC>
    <SOURCES>
      <root url="jar://$USER_HOME$/.gradle/caches/modules-2/files-2.1/org.jetbrains.kotlinx/kotlinx-coroutines-android/1.6.0-native-mt/e98826d8c1a55fbc19a1cff83fa4ad0cfb227fd8/kotlinx-coroutines-android-1.6.0-native-mt-sources.jar!/" />
    </SOURCES>
  </library>
</component>