<component name="libraryTable">
  <library name="Gradle: org.jetbrains.kotlin:kotlin-stdlib-jdk8:1.6.10">
    <CLASSES>
      <root url="jar://$USER_HOME$/.gradle/caches/modules-2/files-2.1/org.jetbrains.kotlin/kotlin-stdlib-jdk8/1.6.10/e80fe6ac3c3573a80305f5ec43f86b829e8ab53d/kotlin-stdlib-jdk8-1.6.10.jar!/" />
    </CLASSES>
    <JAVADOC>
      <root url="jar://$USER_HOME$/.gradle/caches/modules-2/files-2.1/org.jetbrains.kotlin/kotlin-stdlib-jdk8/1.6.10/5b8f86fea035328fc9e8c660773037a3401ce25f/kotlin-stdlib-jdk8-1.6.10-javadoc.jar!/" />
    </JAVADOC>
    <SOURCES>
      <root url="jar://$USER_HOME$/.gradle/caches/modules-2/files-2.1/org.jetbrains.kotlin/kotlin-stdlib-jdk8/1.6.10/a61c046a90a08dd30eb105b8b8530fce678ecb46/kotlin-stdlib-jdk8-1.6.10-sources.jar!/" />
    </SOURCES>
  </library>
</component>