<component name="libraryTable">
  <library name="Gradle: com.google.android.gms:play-services-tasks:16.0.1@aar">
    <CLASSES>
      <root url="jar://$USER_HOME$/.gradle/caches/transforms-3/a49d408daead98b33f65dc7cf44cb3d7/transformed/jetified-play-services-tasks-16.0.1/jars/classes.jar!/" />
      <root url="file://$USER_HOME$/.gradle/caches/transforms-3/a49d408daead98b33f65dc7cf44cb3d7/transformed/jetified-play-services-tasks-16.0.1/AndroidManifest.xml" />
    </CLASSES>
    <JAVADOC />
    <SOURCES />
  </library>
</component>