<component name="libraryTable">
  <library name="Gradle: androidx.localbroadcastmanager:localbroadcastmanager:1.0.0@aar">
    <CLASSES>
      <root url="jar://$USER_HOME$/.gradle/caches/transforms-3/ac06b91a2120eafb606e47d6e839b9a3/transformed/localbroadcastmanager-1.0.0/jars/classes.jar!/" />
      <root url="file://$USER_HOME$/.gradle/caches/transforms-3/ac06b91a2120eafb606e47d6e839b9a3/transformed/localbroadcastmanager-1.0.0/AndroidManifest.xml" />
    </CLASSES>
    <JAVADOC />
    <SOURCES>
      <root url="jar://$USER_HOME$/.gradle/caches/modules-2/files-2.1/androidx.localbroadcastmanager/localbroadcastmanager/1.0.0/3930e99159fd6b7f1d2e7d5fe9af0924ca1faf9/localbroadcastmanager-1.0.0-sources.jar!/" />
    </SOURCES>
  </library>
</component>