<component name="libraryTable">
  <library name="Gradle: androidx.compose.runtime:runtime:1.0.5@aar">
    <CLASSES>
      <root url="jar://$USER_HOME$/.gradle/caches/transforms-3/d09f33a97779e67865652720a0af6622/transformed/jetified-runtime-1.0.5/jars/classes.jar!/" />
      <root url="file://$USER_HOME$/.gradle/caches/transforms-3/d09f33a97779e67865652720a0af6622/transformed/jetified-runtime-1.0.5/res" />
      <root url="file://$USER_HOME$/.gradle/caches/transforms-3/d09f33a97779e67865652720a0af6622/transformed/jetified-runtime-1.0.5/AndroidManifest.xml" />
    </CLASSES>
    <JAVADOC />
    <SOURCES>
      <root url="jar://$USER_HOME$/.gradle/caches/modules-2/files-2.1/androidx.compose.runtime/runtime/1.0.5/eea0669920e5fb8c3bdbcf98a4e0cc8b978e137e/runtime-1.0.5-sources.jar!/" />
    </SOURCES>
  </library>
</component>