<component name="libraryTable">
  <library name="Gradle: com.google.android.gms:play-services-basement:16.0.1@aar">
    <CLASSES>
      <root url="jar://$USER_HOME$/.gradle/caches/transforms-3/ce4ffd48bd46037139801999d60eb8e0/transformed/jetified-play-services-basement-16.0.1/jars/classes.jar!/" />
      <root url="file://$USER_HOME$/.gradle/caches/transforms-3/ce4ffd48bd46037139801999d60eb8e0/transformed/jetified-play-services-basement-16.0.1/res" />
      <root url="file://$USER_HOME$/.gradle/caches/transforms-3/ce4ffd48bd46037139801999d60eb8e0/transformed/jetified-play-services-basement-16.0.1/AndroidManifest.xml" />
    </CLASSES>
    <JAVADOC />
    <SOURCES />
  </library>
</component>