<component name="libraryTable">
  <library name="Gradle: com.squareup.wire:wire-runtime:2.2.0">
    <CLASSES>
      <root url="jar://$USER_HOME$/.gradle/caches/modules-2/files-2.1/com.squareup.wire/wire-runtime/2.2.0/edcc5f389a5ffc0aa6fdcd73480e563affdbd24c/wire-runtime-2.2.0.jar!/" />
    </CLASSES>
    <JAVADOC>
      <root url="jar://$USER_HOME$/.gradle/caches/modules-2/files-2.1/com.squareup.wire/wire-runtime/2.2.0/4c828e07c528195ecc1ba1941658b3b3b663f5cf/wire-runtime-2.2.0-javadoc.jar!/" />
    </JAVADOC>
    <SOURCES>
      <root url="jar://$USER_HOME$/.gradle/caches/modules-2/files-2.1/com.squareup.wire/wire-runtime/2.2.0/ec4a224518fd3be66dd2e5899723d1866ce90c2d/wire-runtime-2.2.0-sources.jar!/" />
    </SOURCES>
  </library>
</component>