<component name="libraryTable">
  <library name="Gradle: androidx.lifecycle:lifecycle-common:2.4.0">
    <CLASSES>
      <root url="jar://$USER_HOME$/.gradle/caches/modules-2/files-2.1/androidx.lifecycle/lifecycle-common/2.4.0/1fdb7349701e9cf2f0a69fc10642b6fef6bb3e12/lifecycle-common-2.4.0.jar!/" />
    </CLASSES>
    <JAVADOC />
    <SOURCES>
      <root url="jar://$USER_HOME$/.gradle/caches/modules-2/files-2.1/androidx.lifecycle/lifecycle-common/2.4.0/29609e3d01eaafd06c688c5366154174cf686c12/lifecycle-common-2.4.0-sources.jar!/" />
    </SOURCES>
  </library>
</component>