<component name="libraryTable">
  <library name="Gradle: com.google.android.gms:play-services-places-placereport:16.0.0@aar">
    <CLASSES>
      <root url="jar://$USER_HOME$/.gradle/caches/transforms-3/cf1f0e0ca8aa91979e2be45d4532e71d/transformed/jetified-play-services-places-placereport-16.0.0/jars/classes.jar!/" />
      <root url="file://$USER_HOME$/.gradle/caches/transforms-3/cf1f0e0ca8aa91979e2be45d4532e71d/transformed/jetified-play-services-places-placereport-16.0.0/AndroidManifest.xml" />
    </CLASSES>
    <JAVADOC />
    <SOURCES />
  </library>
</component>