<component name="libraryTable">
  <library name="Gradle: com.google.android.gms:play-services-maps:16.0.0@aar">
    <CLASSES>
      <root url="jar://$USER_HOME$/.gradle/caches/transforms-3/9d8069f2754e63b8a298466944d70031/transformed/jetified-play-services-maps-16.0.0/jars/classes.jar!/" />
      <root url="file://$USER_HOME$/.gradle/caches/transforms-3/9d8069f2754e63b8a298466944d70031/transformed/jetified-play-services-maps-16.0.0/res" />
      <root url="file://$USER_HOME$/.gradle/caches/transforms-3/9d8069f2754e63b8a298466944d70031/transformed/jetified-play-services-maps-16.0.0/AndroidManifest.xml" />
    </CLASSES>
    <JAVADOC />
    <SOURCES />
  </library>
</component>