<component name="libraryTable">
  <library name="Gradle: com.dji:library-networkrtk-helper:2.0.2@aar">
    <CLASSES>
      <root url="jar://$USER_HOME$/.gradle/caches/transforms-3/caf474868087a913dcc6f625d61dd102/transformed/jetified-library-networkrtk-helper-2.0.2/jars/classes.jar!/" />
      <root url="jar://$USER_HOME$/.gradle/caches/transforms-3/caf474868087a913dcc6f625d61dd102/transformed/jetified-library-networkrtk-helper-2.0.2/jars/libs/wz-rtcm-2.0.2-release.jar!/" />
      <root url="file://$USER_HOME$/.gradle/caches/transforms-3/caf474868087a913dcc6f625d61dd102/transformed/jetified-library-networkrtk-helper-2.0.2/res" />
      <root url="file://$USER_HOME$/.gradle/caches/transforms-3/caf474868087a913dcc6f625d61dd102/transformed/jetified-library-networkrtk-helper-2.0.2/AndroidManifest.xml" />
    </CLASSES>
    <JAVADOC />
    <SOURCES />
  </library>
</component>