<component name="libraryTable">
  <library name="Gradle: androidx.constraintlayout:constraintlayout:2.1.3@aar">
    <CLASSES>
      <root url="jar://$USER_HOME$/.gradle/caches/transforms-3/be971c1fa02ace483d4a5e4d642e1dcf/transformed/constraintlayout-2.1.3/jars/classes.jar!/" />
      <root url="file://$USER_HOME$/.gradle/caches/transforms-3/be971c1fa02ace483d4a5e4d642e1dcf/transformed/constraintlayout-2.1.3/res" />
      <root url="file://$USER_HOME$/.gradle/caches/transforms-3/be971c1fa02ace483d4a5e4d642e1dcf/transformed/constraintlayout-2.1.3/AndroidManifest.xml" />
    </CLASSES>
    <JAVADOC />
    <SOURCES>
      <root url="jar://$USER_HOME$/.gradle/caches/modules-2/files-2.1/androidx.constraintlayout/constraintlayout/2.1.3/ef09d725f04e18996fce65076118fc289416b8ca/constraintlayout-2.1.3-sources.jar!/" />
    </SOURCES>
  </library>
</component>