<component name="libraryTable">
  <library name="Gradle: com.squareup.okio:okio:1.17.4">
    <CLASSES>
      <root url="jar://$USER_HOME$/.gradle/caches/modules-2/files-2.1/com.squareup.okio/okio/1.17.4/50077892fbc179bc69c0ac488442fd3a864e897f/okio-1.17.4.jar!/" />
    </CLASSES>
    <JAVADOC>
      <root url="jar://$USER_HOME$/.gradle/caches/modules-2/files-2.1/com.squareup.okio/okio/1.17.4/2cbe219932e057d1617be61b719fef4a2f930f4e/okio-1.17.4-javadoc.jar!/" />
    </JAVADOC>
    <SOURCES>
      <root url="jar://$USER_HOME$/.gradle/caches/modules-2/files-2.1/com.squareup.okio/okio/1.17.4/2181e952345acc506d8243349a31013ab25abf9/okio-1.17.4-sources.jar!/" />
    </SOURCES>
  </library>
</component>