<component name="libraryTable">
  <library name="Gradle: androidx.compose.ui:ui:1.0.5@aar">
    <CLASSES>
      <root url="jar://$USER_HOME$/.gradle/caches/transforms-3/076cf9b77f1eaaa910d8bdb707ac91ff/transformed/jetified-ui-1.0.5/jars/classes.jar!/" />
      <root url="file://$USER_HOME$/.gradle/caches/transforms-3/076cf9b77f1eaaa910d8bdb707ac91ff/transformed/jetified-ui-1.0.5/res" />
      <root url="file://$USER_HOME$/.gradle/caches/transforms-3/076cf9b77f1eaaa910d8bdb707ac91ff/transformed/jetified-ui-1.0.5/AndroidManifest.xml" />
    </CLASSES>
    <JAVADOC />
    <SOURCES>
      <root url="jar://$USER_HOME$/.gradle/caches/modules-2/files-2.1/androidx.compose.ui/ui/1.0.5/d4fb7a366b91a61db992d026fafc8f2b035fbead/ui-1.0.5-sources.jar!/" />
    </SOURCES>
  </library>
</component>