<component name="libraryTable">
  <library name="Gradle: androidx.navigation:navigation-ui-ktx:2.3.5@aar">
    <CLASSES>
      <root url="jar://$USER_HOME$/.gradle/caches/transforms-3/8b4a0f532c4968b1138ee307067e30fc/transformed/navigation-ui-ktx-2.3.5/jars/classes.jar!/" />
      <root url="file://$USER_HOME$/.gradle/caches/transforms-3/8b4a0f532c4968b1138ee307067e30fc/transformed/navigation-ui-ktx-2.3.5/AndroidManifest.xml" />
    </CLASSES>
    <JAVADOC />
    <SOURCES>
      <root url="jar://$USER_HOME$/.gradle/caches/modules-2/files-2.1/androidx.navigation/navigation-ui-ktx/2.3.5/407dd936012d5b65b0af3e897ea62e436a811419/navigation-ui-ktx-2.3.5-sources.jar!/" />
    </SOURCES>
  </library>
</component>