<component name="libraryTable">
  <library name="Gradle: com.dji:utmiss:1.2.1@aar">
    <CLASSES>
      <root url="jar://$USER_HOME$/.gradle/caches/transforms-3/1d58cb6f92e46a37aa152aa404c09666/transformed/jetified-utmiss-1.2.1/jars/classes.jar!/" />
      <root url="file://$USER_HOME$/.gradle/caches/transforms-3/1d58cb6f92e46a37aa152aa404c09666/transformed/jetified-utmiss-1.2.1/res" />
      <root url="file://$USER_HOME$/.gradle/caches/transforms-3/1d58cb6f92e46a37aa152aa404c09666/transformed/jetified-utmiss-1.2.1/AndroidManifest.xml" />
    </CLASSES>
    <JAVADOC />
    <SOURCES />
  </library>
</component>