<component name="libraryTable">
  <library name="Gradle: org.bouncycastle:bcpkix-jdk15on:1.57">
    <CLASSES>
      <root url="jar://$USER_HOME$/.gradle/caches/modules-2/files-2.1/org.bouncycastle/bcpkix-jdk15on/1.57/5c96e34bc9bd4cd6870e6d193a99438f1e274ca7/bcpkix-jdk15on-1.57.jar!/" />
    </CLASSES>
    <JAVADOC>
      <root url="jar://$USER_HOME$/.gradle/caches/modules-2/files-2.1/org.bouncycastle/bcpkix-jdk15on/1.57/ff2326deeaf2498caaa2506590ee01af181ae438/bcpkix-jdk15on-1.57-javadoc.jar!/" />
    </JAVADOC>
    <SOURCES>
      <root url="jar://$USER_HOME$/.gradle/caches/modules-2/files-2.1/org.bouncycastle/bcpkix-jdk15on/1.57/1c734663dd0a2e693639210df833eb5f6ecb970b/bcpkix-jdk15on-1.57-sources.jar!/" />
    </SOURCES>
  </library>
</component>