<component name="libraryTable">
  <library name="Gradle: androidx.databinding:viewbinding:7.0.4@aar">
    <CLASSES>
      <root url="jar://$USER_HOME$/.gradle/caches/transforms-3/db6486b907f6e1a468e8e999c79e77a6/transformed/jetified-viewbinding-7.0.4/jars/classes.jar!/" />
      <root url="file://$USER_HOME$/.gradle/caches/transforms-3/db6486b907f6e1a468e8e999c79e77a6/transformed/jetified-viewbinding-7.0.4/AndroidManifest.xml" />
    </CLASSES>
    <JAVADOC />
    <SOURCES>
      <root url="jar://$USER_HOME$/.gradle/caches/modules-2/files-2.1/androidx.databinding/viewbinding/7.0.4/afb2fba7b45ae3613ed80a9d306bfb0adc5afed9/viewbinding-7.0.4-sources.jar!/" />
    </SOURCES>
  </library>
</component>