<component name="libraryTable">
  <library name="Gradle: androidx.compose.ui:ui-text:1.0.5@aar">
    <CLASSES>
      <root url="jar://$USER_HOME$/.gradle/caches/transforms-3/7abb92d5883cbed04b8a25f8c780ebee/transformed/jetified-ui-text-1.0.5/jars/classes.jar!/" />
      <root url="file://$USER_HOME$/.gradle/caches/transforms-3/7abb92d5883cbed04b8a25f8c780ebee/transformed/jetified-ui-text-1.0.5/res" />
      <root url="file://$USER_HOME$/.gradle/caches/transforms-3/7abb92d5883cbed04b8a25f8c780ebee/transformed/jetified-ui-text-1.0.5/AndroidManifest.xml" />
    </CLASSES>
    <JAVADOC />
    <SOURCES>
      <root url="jar://$USER_HOME$/.gradle/caches/modules-2/files-2.1/androidx.compose.ui/ui-text/1.0.5/4536a690eae671aebd209959855372e537aee7d5/ui-text-1.0.5-sources.jar!/" />
    </SOURCES>
  </library>
</component>