<component name="libraryTable">
  <library name="Gradle: com.google.android.gms:play-services-base:16.0.1@aar">
    <CLASSES>
      <root url="jar://$USER_HOME$/.gradle/caches/transforms-3/025665cc0184a144de6e01c02a6f5991/transformed/jetified-play-services-base-16.0.1/jars/classes.jar!/" />
      <root url="file://$USER_HOME$/.gradle/caches/transforms-3/025665cc0184a144de6e01c02a6f5991/transformed/jetified-play-services-base-16.0.1/res" />
      <root url="file://$USER_HOME$/.gradle/caches/transforms-3/025665cc0184a144de6e01c02a6f5991/transformed/jetified-play-services-base-16.0.1/AndroidManifest.xml" />
    </CLASSES>
    <JAVADOC />
    <SOURCES />
  </library>
</component>