<component name="libraryTable">
  <library name="Gradle: org.tensorflow:tensorflow-lite:2.4.0@aar">
    <CLASSES>
      <root url="jar://$USER_HOME$/.gradle/caches/transforms-3/d95b8d3553bc791d8dd5892b23cdbac8/transformed/jetified-tensorflow-lite-2.4.0/jars/classes.jar!/" />
      <root url="file://$USER_HOME$/.gradle/caches/transforms-3/d95b8d3553bc791d8dd5892b23cdbac8/transformed/jetified-tensorflow-lite-2.4.0/AndroidManifest.xml" />
    </CLASSES>
    <JAVADOC />
    <SOURCES />
  </library>
</component>