<component name="libraryTable">
  <library name="Gradle: com.google.android.gms:play-services-location:16.0.0@aar">
    <CLASSES>
      <root url="jar://$USER_HOME$/.gradle/caches/transforms-3/7682b06b8b0b2fecbd1db27c35bfd1ae/transformed/jetified-play-services-location-16.0.0/jars/classes.jar!/" />
      <root url="file://$USER_HOME$/.gradle/caches/transforms-3/7682b06b8b0b2fecbd1db27c35bfd1ae/transformed/jetified-play-services-location-16.0.0/AndroidManifest.xml" />
    </CLASSES>
    <JAVADOC />
    <SOURCES />
  </library>
</component>