<component name="libraryTable">
  <library name="Gradle: androidx.lifecycle:lifecycle-process:2.4.0@aar">
    <CLASSES>
      <root url="jar://$USER_HOME$/.gradle/caches/transforms-3/c7d3898fdac085ddd94c4ed9b10a7985/transformed/jetified-lifecycle-process-2.4.0/jars/classes.jar!/" />
      <root url="file://$USER_HOME$/.gradle/caches/transforms-3/c7d3898fdac085ddd94c4ed9b10a7985/transformed/jetified-lifecycle-process-2.4.0/res" />
      <root url="file://$USER_HOME$/.gradle/caches/transforms-3/c7d3898fdac085ddd94c4ed9b10a7985/transformed/jetified-lifecycle-process-2.4.0/AndroidManifest.xml" />
    </CLASSES>
    <JAVADOC />
    <SOURCES>
      <root url="jar://$USER_HOME$/.gradle/caches/modules-2/files-2.1/androidx.lifecycle/lifecycle-process/2.4.0/30f942ae82287047dd2dc7410060672ca44c1942/lifecycle-process-2.4.0-sources.jar!/" />
    </SOURCES>
  </library>
</component>