<component name="libraryTable">
  <library name="Gradle: com.mapbox.mapboxsdk:mapbox-android-sdk-gl-core:5.2.2@aar">
    <CLASSES>
      <root url="jar://$USER_HOME$/.gradle/caches/transforms-3/129989858959242e1d1fd0f3ee776efb/transformed/jetified-mapbox-android-sdk-gl-core-5.2.2/jars/classes.jar!/" />
      <root url="file://$USER_HOME$/.gradle/caches/transforms-3/129989858959242e1d1fd0f3ee776efb/transformed/jetified-mapbox-android-sdk-gl-core-5.2.2/AndroidManifest.xml" />
    </CLASSES>
    <JAVADOC>
      <root url="jar://$USER_HOME$/.gradle/caches/modules-2/files-2.1/com.mapbox.mapboxsdk/mapbox-android-sdk-gl-core/5.2.2/267d50ddb889a275963ed7c4095eea63b50f89a0/mapbox-android-sdk-gl-core-5.2.2-javadoc.jar!/" />
    </JAVADOC>
    <SOURCES>
      <root url="jar://$USER_HOME$/.gradle/caches/modules-2/files-2.1/com.mapbox.mapboxsdk/mapbox-android-sdk-gl-core/5.2.2/267d50ddb889a275963ed7c4095eea63b50f89a0/mapbox-android-sdk-gl-core-5.2.2-sources.jar!/" />
    </SOURCES>
  </library>
</component>