<component name="libraryTable">
  <library name="Gradle: org.tensorflow:tensorflow-lite-task-base:0.2.0@aar">
    <CLASSES>
      <root url="jar://$USER_HOME$/.gradle/caches/transforms-3/d80cd3fe4ebd23c27e68c7751693458f/transformed/jetified-tensorflow-lite-task-base-0.2.0/jars/classes.jar!/" />
      <root url="file://$USER_HOME$/.gradle/caches/transforms-3/d80cd3fe4ebd23c27e68c7751693458f/transformed/jetified-tensorflow-lite-task-base-0.2.0/AndroidManifest.xml" />
    </CLASSES>
    <JAVADOC />
    <SOURCES />
  </library>
</component>