<component name="libraryTable">
  <library name="Gradle: com.google.android.gms:play-services-places:16.0.0@aar">
    <CLASSES>
      <root url="jar://$USER_HOME$/.gradle/caches/transforms-3/0f9b0945c2322411d187968f3df28803/transformed/jetified-play-services-places-16.0.0/jars/classes.jar!/" />
      <root url="file://$USER_HOME$/.gradle/caches/transforms-3/0f9b0945c2322411d187968f3df28803/transformed/jetified-play-services-places-16.0.0/res" />
      <root url="file://$USER_HOME$/.gradle/caches/transforms-3/0f9b0945c2322411d187968f3df28803/transformed/jetified-play-services-places-16.0.0/AndroidManifest.xml" />
    </CLASSES>
    <JAVADOC />
    <SOURCES />
  </library>
</component>