<component name="libraryTable">
  <library name="Gradle: com.mapbox.mapboxsdk:mapbox-android-gestures:0.7.0@aar">
    <ANNOTATIONS>
      <root url="jar://$USER_HOME$/.gradle/caches/transforms-3/ef8201103059ecac2dac3bd10552c6b9/transformed/jetified-mapbox-android-gestures-0.7.0/annotations.zip!/" />
    </ANNOTATIONS>
    <CLASSES>
      <root url="jar://$USER_HOME$/.gradle/caches/transforms-3/ef8201103059ecac2dac3bd10552c6b9/transformed/jetified-mapbox-android-gestures-0.7.0/jars/classes.jar!/" />
      <root url="file://$USER_HOME$/.gradle/caches/transforms-3/ef8201103059ecac2dac3bd10552c6b9/transformed/jetified-mapbox-android-gestures-0.7.0/res" />
      <root url="file://$USER_HOME$/.gradle/caches/transforms-3/ef8201103059ecac2dac3bd10552c6b9/transformed/jetified-mapbox-android-gestures-0.7.0/AndroidManifest.xml" />
    </CLASSES>
    <JAVADOC>
      <root url="jar://$USER_HOME$/.gradle/caches/modules-2/files-2.1/com.mapbox.mapboxsdk/mapbox-android-gestures/0.7.0/5cd174d67fa6671b97160150afa53191294c9e82/mapbox-android-gestures-0.7.0-javadoc.jar!/" />
    </JAVADOC>
    <SOURCES>
      <root url="jar://$USER_HOME$/.gradle/caches/modules-2/files-2.1/com.mapbox.mapboxsdk/mapbox-android-gestures/0.7.0/998d09f4bb8893b76b43536e167d6e5b09422cfb/mapbox-android-gestures-0.7.0-sources.jar!/" />
    </SOURCES>
  </library>
</component>