<component name="libraryTable">
  <library name="Gradle: org.tensorflow:tensorflow-lite-gpu:2.2.0@aar">
    <CLASSES>
      <root url="jar://$USER_HOME$/.gradle/caches/transforms-3/e044ef91da89066bafe6fdb108fa4a3c/transformed/jetified-tensorflow-lite-gpu-2.2.0/jars/classes.jar!/" />
      <root url="file://$USER_HOME$/.gradle/caches/transforms-3/e044ef91da89066bafe6fdb108fa4a3c/transformed/jetified-tensorflow-lite-gpu-2.2.0/AndroidManifest.xml" />
    </CLASSES>
    <JAVADOC />
    <SOURCES />
  </library>
</component>